timestamp,messageType,latency,statusCode,roomId
1773008190397,TEXT,68,400,2
1773008190397,TEXT,68,400,18
1773008190397,TEXT,66,400,3
1773008190397,TEXT,66,400,11
1773008190397,TEXT,66,400,10
1773008190397,TEXT,66,400,6
1773008190397,TEXT,68,400,4
1773008190397,TEXT,68,400,20
1773008190397,TEXT,66,400,17
1773008190397,TEXT,68,400,7
1773008190397,TEXT,66,400,14
1773008190397,TEXT,66,400,12
1773008190397,TEXT,66,400,1
1773008190397,TEXT,68,400,13
1773008190397,TEXT,68,400,8
1773008190397,TEXT,66,400,5
1773008190397,TEXT,66,400,16
1773008190399,TEXT,66,400,19
1773008190399,TEXT,68,400,15
1773008190399,TEXT,68,400,9
1773008190503,TEXT,106,400,5
1773008190503,TEXT,106,400,13
1773008190503,TEXT,105,400,4
1773008190503,TEXT,106,400,14
1773008190503,TEXT,105,400,10
1773008190503,TEXT,105,400,6
1773008190503,TEXT,106,400,1
1773008190503,TEXT,104,400,19
1773008190504,TEXT,105,400,17
1773008190504,TEXT,106,400,16
1773008190504,TEXT,106,400,20
1773008190504,TEXT,107,400,12
1773008190503,TEXT,106,400,8
1773008190504,TEXT,106,400,3
1773008190504,TEXT,106,400,11
1773008190504,TEXT,106,400,18
1773008190504,TEXT,106,400,7
1773008190504,TEXT,105,400,9
1773008190504,TEXT,105,400,15
1773008190504,TEXT,106,400,2
1773008190569,TEXT,65,400,10
1773008190569,TEXT,64,400,19
1773008190569,TEXT,64,400,6
1773008190569,TEXT,66,400,1
1773008190569,TEXT,66,400,4
1773008190569,TEXT,65,400,17
1773008190569,TEXT,66,400,5
1773008190571,TEXT,68,400,14
1773008190571,TEXT,68,400,13
1773008190571,TEXT,67,400,20
1773008190571,TEXT,67,400,12
1773008190571,TEXT,67,400,11
1773008190571,TEXT,67,400,16
1773008190571,TEXT,67,400,15
1773008190571,TEXT,67,400,8
1773008190571,TEXT,67,400,9
1773008190571,TEXT,67,400,2
1773008190571,TEXT,67,400,3
1773008190571,TEXT,67,400,18
1773008190571,TEXT,67,400,7
1773008190634,TEXT,65,400,10
1773008190634,TEXT,65,400,17
1773008190634,TEXT,65,400,1
1773008190634,TEXT,65,400,6
1773008190634,TEXT,65,400,5
1773008190635,TEXT,65,400,19
1773008190635,TEXT,66,400,4
1773008190636,TEXT,65,400,14
1773008190636,TEXT,65,400,11
1773008190636,TEXT,65,400,12
1773008190636,TEXT,65,400,16
1773008190636,TEXT,65,400,15
1773008190636,TEXT,65,400,8
1773008190638,TEXT,67,400,20
1773008190638,TEXT,67,400,9
1773008190638,TEXT,67,400,13
1773008190638,TEXT,67,400,7
1773008190638,TEXT,67,400,3
1773008190638,TEXT,67,400,2
1773008190638,TEXT,67,400,18
1773008190700,TEXT,65,400,19
1773008190702,TEXT,68,400,10
1773008190702,TEXT,68,400,5
1773008190702,TEXT,68,400,6
1773008190703,TEXT,67,400,4
1773008190703,TEXT,68,400,1
1773008190703,TEXT,68,400,17
1773008190703,TEXT,67,400,14
1773008190703,TEXT,67,400,11
1773008190703,TEXT,67,400,16
1773008190703,TEXT,67,400,15
1773008190704,TEXT,67,400,8
1773008190705,TEXT,67,400,13
1773008190705,TEXT,67,400,3
1773008190705,TEXT,67,400,9
1773008190705,TEXT,67,400,2
1773008190705,TEXT,69,400,12
1773008190705,TEXT,67,400,18
1773008190705,TEXT,67,400,7
1773008190706,TEXT,68,400,20
1773008190770,TEXT,67,400,10
1773008190770,TEXT,68,400,19
1773008190770,TEXT,68,400,5
1773008190770,TEXT,67,400,4
1773008190770,TEXT,67,400,17
1773008190770,TEXT,67,400,11
1773008190770,TEXT,68,400,6
1773008190771,TEXT,67,400,15
1773008190771,TEXT,68,400,16
1773008190772,TEXT,69,400,14
1773008190774,TEXT,70,400,8
1773008190774,TEXT,69,400,13
1773008190774,TEXT,69,400,9
1773008190774,TEXT,71,400,1
1773008190774,TEXT,69,400,2
1773008190774,TEXT,69,400,3
1773008190774,TEXT,69,400,18
1773008190775,TEXT,69,400,7
1773008190775,TEXT,70,400,12
1773008190775,TEXT,69,400,20
1773008190845,TEXT,75,400,19
1773008190845,TEXT,75,400,4
1773008190845,TEXT,75,400,17
1773008190847,TEXT,76,400,15
1773008190847,TEXT,77,400,11
1773008190848,TEXT,77,400,16
1773008190848,TEXT,77,400,5
1773008190848,TEXT,77,400,10
1773008190848,TEXT,73,400,12
1773008190849,TEXT,74,400,18
1773008190849,TEXT,74,400,2
1773008190849,TEXT,74,400,7
1773008190849,TEXT,74,400,9
1773008190850,TEXT,75,400,20
1773008190850,TEXT,76,400,1
1773008190851,TEXT,76,400,14
1773008190851,TEXT,81,400,6
1773008190853,TEXT,79,400,13
1773008190854,TEXT,80,400,3
1773008190854,TEXT,79,400,8
1773008190911,TEXT,66,400,19
1773008190911,TEXT,66,400,4
1773008190912,TEXT,67,400,17
1773008190915,TEXT,68,400,11
1773008190915,TEXT,67,400,5
1773008190915,TEXT,67,400,10
1773008190917,TEXT,70,400,15
1773008190917,TEXT,69,400,12
1773008190917,TEXT,69,400,16
1773008190918,TEXT,68,400,9
1773008190918,TEXT,69,400,2
1773008190918,TEXT,69,400,18
1773008190920,TEXT,70,400,7
1773008190920,TEXT,66,400,6
1773008190920,TEXT,66,400,14
1773008190920,TEXT,66,400,1
1773008190920,TEXT,66,400,3
1773008190920,TEXT,66,400,13
1773008190920,TEXT,66,400,8
1773008190920,TEXT,65,400,20
1773008191027,TEXT,115,400,19
1773008191027,TEXT,115,400,4
1773008191029,TEXT,117,400,17
1773008191029,TEXT,114,400,10
1773008191029,TEXT,114,400,11
1773008191029,TEXT,113,400,5
1773008191029,TEXT,112,400,16
1773008191030,TEXT,111,400,9
1773008191030,TEXT,112,400,15
1773008191030,TEXT,113,400,12
1773008191030,TEXT,112,400,2
1773008191030,TEXT,112,400,18
1773008191092,TEXT,171,400,1
1773008191092,TEXT,171,400,13
1773008191092,TEXT,171,400,20
1773008191092,TEXT,171,400,8
1773008191092,TEXT,171,400,6
1773008191092,TEXT,171,400,14
1773008191092,TEXT,172,400,3
1773008191093,TEXT,172,400,7
1773008191093,TEXT,66,400,19
1773008191093,TEXT,66,400,4
1773008191094,TEXT,65,400,17
1773008191094,TEXT,65,400,10
1773008191096,TEXT,67,400,5
1773008191097,TEXT,68,400,11
1773008191097,TEXT,68,400,16
1773008191098,TEXT,68,400,15
1773008191098,TEXT,68,400,9
1773008191098,TEXT,68,400,2
1773008191098,TEXT,68,400,18
1773008191098,TEXT,68,400,12
1773008191160,TEXT,68,400,14
1773008191160,TEXT,67,400,19
1773008191161,TEXT,69,400,6
1773008191161,TEXT,69,400,8
1773008191161,TEXT,69,400,3
1773008191163,TEXT,70,400,4
1773008191165,TEXT,73,400,20
1773008191165,TEXT,72,400,7
1773008191165,TEXT,70,400,17
1773008191166,TEXT,68,400,13
1773008191166,TEXT,71,400,10
1773008191166,TEXT,74,400,1
1773008191167,TEXT,70,400,5
1773008191167,TEXT,69,400,15
1773008191167,TEXT,69,400,9
1773008191167,TEXT,69,400,18
1773008191167,TEXT,70,400,16
1773008191167,TEXT,69,400,2
1773008191167,TEXT,70,400,11
1773008191167,TEXT,69,400,12
1773008191253,TEXT,87,400,13
1773008191253,TEXT,86,400,9
1773008191253,TEXT,91,400,8
1773008191253,TEXT,86,400,2
1773008191253,TEXT,87,400,10
1773008191254,TEXT,88,400,1
1773008191254,TEXT,89,400,20
1773008191254,TEXT,87,400,18
1773008191254,TEXT,87,400,12
1773008191254,TEXT,89,400,7
1773008191254,TEXT,86,400,16
1773008191254,TEXT,92,400,3
1773008191254,TEXT,87,400,6
1773008191254,TEXT,86,400,11
1773008191254,TEXT,90,400,4
1773008191254,TEXT,86,400,15
1773008191254,TEXT,86,400,5
1773008191253,TEXT,88,400,17
1773008191254,TEXT,93,400,19
1773008191254,TEXT,93,400,14
1773008191318,TEXT,64,400,10
1773008191318,TEXT,65,400,9
1773008191320,TEXT,66,400,19
1773008191320,TEXT,66,400,20
1773008191320,TEXT,66,400,18
1773008191320,TEXT,66,400,12
1773008191320,TEXT,66,400,6
1773008191320,TEXT,66,400,11
1773008191320,TEXT,66,400,5
1773008191320,TEXT,66,400,14
1773008191320,TEXT,66,400,16
1773008191320,TEXT,66,400,15
1773008191320,TEXT,66,400,7
1773008191320,TEXT,66,400,4
1773008191320,TEXT,66,400,17
1773008191320,TEXT,67,400,2
1773008191320,TEXT,66,400,3
1773008191320,TEXT,66,400,1
1773008191320,TEXT,67,400,8
1773008191320,TEXT,67,400,13
1773008191383,TEXT,65,400,9
1773008191383,TEXT,65,400,10
1773008191384,TEXT,64,400,6
1773008191384,TEXT,64,400,19
1773008191386,TEXT,66,400,17
1773008191386,TEXT,66,400,8
1773008191387,TEXT,67,400,5
1773008191387,TEXT,67,400,15
1773008191387,TEXT,67,400,13
1773008191387,TEXT,67,400,4
1773008191387,TEXT,67,400,14
1773008191387,TEXT,67,400,2
1773008191387,TEXT,67,400,20
1773008191387,TEXT,67,400,1
1773008191387,TEXT,67,400,11
1773008191388,TEXT,67,400,16
1773008191388,TEXT,68,400,7
1773008191389,TEXT,69,400,3
1773008191389,TEXT,69,400,18
1773008191390,TEXT,70,400,12
1773008191461,TEXT,77,400,10
1773008191461,TEXT,74,400,5
1773008191461,TEXT,77,400,9
1773008191461,TEXT,75,400,8
1773008191461,TEXT,75,400,17
1773008191461,TEXT,74,400,15
1773008191461,TEXT,74,400,13
1773008191461,TEXT,74,400,4
1773008191461,TEXT,74,400,2
1773008191461,TEXT,74,400,14
1773008191461,TEXT,74,400,1
1773008191461,TEXT,73,400,16
1773008191461,TEXT,74,400,11
1773008191461,TEXT,74,400,20
1773008191462,TEXT,74,400,7
1773008191462,TEXT,72,400,12
1773008191462,TEXT,73,400,3
1773008191462,TEXT,73,400,18
1773008191462,TEXT,77,400,6
1773008191462,TEXT,77,400,19
1773008191612,TEXT,150,400,19
1773008191612,TEXT,151,400,15
1773008191614,TEXT,152,400,5
1773008191614,TEXT,153,400,10
1773008191614,TEXT,153,400,13
1773008191615,TEXT,154,400,14
1773008191615,TEXT,153,400,6
1773008191615,TEXT,153,400,11
1773008191615,TEXT,153,400,3
1773008191615,TEXT,154,400,1
1773008191615,TEXT,153,400,12
1773008191615,TEXT,154,400,4
1773008191615,TEXT,154,400,16
1773008191615,TEXT,154,400,17
1773008191616,TEXT,155,400,9
1773008191616,TEXT,154,400,18
1773008191616,TEXT,154,400,20
1773008191616,TEXT,154,400,7
1773008191616,TEXT,155,400,2
1773008191616,TEXT,154,400,8
1773008191677,TEXT,64,400,15
1773008191677,TEXT,64,400,19
1773008191679,TEXT,64,400,10
1773008191679,TEXT,64,400,5
1773008191679,TEXT,64,400,13
1773008191679,TEXT,64,400,14
1773008191680,TEXT,65,400,6
1773008191680,TEXT,65,400,11
1773008191683,TEXT,68,400,4
1773008191683,TEXT,68,400,1
1773008191683,TEXT,67,400,17
1773008191683,TEXT,68,400,16
1773008191683,TEXT,67,400,2
1773008191683,TEXT,67,400,20
1773008191683,TEXT,68,400,12
1773008191683,TEXT,67,400,9
1773008191683,TEXT,67,400,18
1773008191683,TEXT,67,400,8
1773008191683,TEXT,67,400,7
1773008191683,TEXT,68,400,3
1773008191764,TEXT,87,400,15
1773008191764,TEXT,86,400,19
1773008191766,TEXT,87,400,10
1773008191766,TEXT,87,400,13
1773008191767,TEXT,88,400,5
1773008191767,TEXT,87,400,6
1773008191768,TEXT,89,400,14
1773008191768,TEXT,88,400,11
1773008191768,TEXT,85,400,17
1773008191769,TEXT,86,400,8
1773008191769,TEXT,86,400,4
1773008191769,TEXT,86,400,2
1773008191770,TEXT,87,400,1
1773008191770,TEXT,87,400,9
1773008191770,TEXT,87,400,12
1773008191770,TEXT,87,400,3
1773008191771,TEXT,88,400,16
1773008191771,TEXT,88,400,18
1773008191771,TEXT,88,400,7
1773008191771,TEXT,88,400,20
1773008191828,TEXT,64,400,19
1773008191829,TEXT,65,400,15
1773008191834,TEXT,68,400,10
1773008191836,TEXT,70,400,13
1773008191836,TEXT,69,400,5
1773008191836,TEXT,68,400,14
1773008191836,TEXT,69,400,6
1773008191836,TEXT,68,400,17
1773008191836,TEXT,67,400,4
1773008191836,TEXT,66,400,1
1773008191836,TEXT,68,400,11
1773008191837,TEXT,66,400,16
1773008191837,TEXT,67,400,3
1773008191837,TEXT,67,400,9
1773008191837,TEXT,68,400,2
1773008191837,TEXT,67,400,12
1773008191837,TEXT,66,400,20
1773008191838,TEXT,67,400,7
1773008191838,TEXT,67,400,18
1773008191839,TEXT,70,400,8
1773008191893,TEXT,64,400,19
1773008191894,TEXT,65,400,15
1773008191898,TEXT,63,400,10
1773008191901,TEXT,65,400,4
1773008191901,TEXT,65,400,6
1773008191901,TEXT,65,400,14
1773008191901,TEXT,65,400,5
1773008191901,TEXT,64,400,3
1773008191901,TEXT,65,400,1
1773008191901,TEXT,65,400,11
1773008191904,TEXT,67,400,9
1773008191904,TEXT,67,400,16
1773008191904,TEXT,68,400,17
1773008191904,TEXT,68,400,13
1773008191904,TEXT,67,400,2
1773008191907,TEXT,68,400,8
1773008191907,TEXT,69,400,20
1773008191907,TEXT,69,400,7
1773008191907,TEXT,69,400,18
1773008191908,TEXT,71,400,12
1773008191968,TEXT,75,400,19
1773008191968,TEXT,73,400,15
1773008191968,TEXT,70,400,10
1773008191970,TEXT,69,400,5
1773008191970,TEXT,69,400,3
1773008191970,TEXT,69,400,6
1773008191970,TEXT,69,400,14
1773008191970,TEXT,69,400,4
1773008191970,TEXT,69,400,11
1773008191970,TEXT,66,400,16
1773008191970,TEXT,69,400,1
1773008191970,TEXT,66,400,17
1773008191970,TEXT,66,400,9
1773008191970,TEXT,66,400,13
1773008191970,TEXT,66,400,2
1773008191972,TEXT,64,400,8
1773008191972,TEXT,64,400,12
1773008191972,TEXT,65,400,20
1773008191972,TEXT,65,400,18
1773008191972,TEXT,65,400,7
1773008192074,TEXT,106,400,10
1773008192074,TEXT,106,400,19
1773008192074,TEXT,106,400,15
1773008192076,TEXT,106,400,4
1773008192076,TEXT,106,400,6
1773008192076,TEXT,106,400,14
1773008192076,TEXT,106,400,5
1773008192076,TEXT,106,400,11
1773008192076,TEXT,106,400,3
1773008192076,TEXT,106,400,1
1773008192076,TEXT,106,400,17
1773008192076,TEXT,106,400,16
1773008192076,TEXT,105,400,2
1773008192076,TEXT,105,400,13
1773008192076,TEXT,104,400,12
1773008192076,TEXT,104,400,8
1773008192076,TEXT,104,400,20
1773008192076,TEXT,105,400,9
1773008192076,TEXT,104,400,7
1773008192076,TEXT,104,400,18
1773008192138,TEXT,64,400,19
1773008192138,TEXT,64,400,10
1773008192138,TEXT,64,400,15
1773008192141,TEXT,65,400,4
1773008192141,TEXT,65,400,5
1773008192142,TEXT,66,400,14
1773008192142,TEXT,66,400,3
1773008192142,TEXT,66,400,11
1773008192142,TEXT,66,400,6
1773008192142,TEXT,66,400,1
1773008192143,TEXT,67,400,12
1773008192143,TEXT,67,400,16
1773008192143,TEXT,67,400,17
1773008192143,TEXT,67,400,8
1773008192143,TEXT,67,400,2
1773008192143,TEXT,67,400,13
1773008192143,TEXT,67,400,9
1773008192143,TEXT,67,400,7
1773008192143,TEXT,67,400,20
1773008192143,TEXT,67,400,18
1773008192203,TEXT,64,400,15
1773008192203,TEXT,64,400,10
1773008192203,TEXT,64,400,19
1773008192207,TEXT,65,400,14
1773008192207,TEXT,65,400,5
1773008192207,TEXT,65,400,4
1773008192207,TEXT,65,400,11
1773008192207,TEXT,65,400,3
1773008192207,TEXT,65,400,6
1773008192207,TEXT,65,400,1
1773008192209,TEXT,66,400,17
1773008192209,TEXT,66,400,20
1773008192209,TEXT,66,400,2
1773008192209,TEXT,66,400,8
1773008192209,TEXT,66,400,16
1773008192209,TEXT,66,400,13
1773008192209,TEXT,66,400,18
1773008192209,TEXT,66,400,7
1773008192209,TEXT,66,400,12
1773008192209,TEXT,66,400,9
1773008192275,TEXT,72,400,15
1773008192275,TEXT,72,400,19
1773008192275,TEXT,68,400,5
1773008192275,TEXT,72,400,10
1773008192277,TEXT,70,400,4
1773008192277,TEXT,70,400,14
1773008192277,TEXT,70,400,1
1773008192277,TEXT,70,400,6
1773008192277,TEXT,70,400,11
1773008192277,TEXT,68,400,13
1773008192277,TEXT,68,400,16
1773008192277,TEXT,70,400,3
1773008192277,TEXT,68,400,17
1773008192277,TEXT,68,400,12
1773008192277,TEXT,68,400,8
1773008192277,TEXT,68,400,2
1773008192277,TEXT,68,400,9
1773008192277,TEXT,68,400,20
1773008192277,TEXT,68,400,7
1773008192277,TEXT,68,400,18
1773008192340,TEXT,65,400,19
1773008192340,TEXT,65,400,10
1773008192340,TEXT,65,400,5
1773008192343,TEXT,68,400,15
1773008192343,TEXT,66,400,4
1773008192343,TEXT,66,400,6
1773008192343,TEXT,66,400,13
1773008192343,TEXT,66,400,11
1773008192343,TEXT,66,400,14
1773008192343,TEXT,66,400,1
1773008192343,TEXT,66,400,3
1773008192343,TEXT,66,400,8
1773008192343,TEXT,66,400,17
1773008192343,TEXT,66,400,12
1773008192343,TEXT,66,400,16
1773008192343,TEXT,66,400,20
1773008192343,TEXT,66,400,9
1773008192343,TEXT,66,400,2
1773008192343,TEXT,66,400,18
1773008192344,TEXT,66,400,7
1773008192405,TEXT,65,400,10
1773008192405,TEXT,65,400,19
1773008192406,TEXT,66,400,5
1773008192408,TEXT,65,400,4
1773008192408,TEXT,65,400,14
1773008192408,TEXT,65,400,6
1773008192408,TEXT,65,400,11
1773008192408,TEXT,65,400,1
1773008192408,TEXT,65,400,13
1773008192408,TEXT,65,400,3
1773008192408,TEXT,65,400,16
1773008192410,TEXT,67,400,8
1773008192410,TEXT,67,400,15
1773008192410,TEXT,67,400,17
1773008192410,TEXT,67,400,2
1773008192410,TEXT,67,400,9
1773008192410,TEXT,67,400,20
1773008192410,TEXT,67,400,12
1773008192410,TEXT,66,400,7
1773008192410,TEXT,67,400,18
1773008192480,TEXT,75,400,10
1773008192480,TEXT,75,400,19
1773008192483,TEXT,76,400,5
1773008192483,TEXT,75,400,11
1773008192483,TEXT,75,400,14
1773008192483,TEXT,74,400,16
1773008192483,TEXT,75,400,3
1773008192483,TEXT,73,400,9
1773008192483,TEXT,73,400,8
1773008192483,TEXT,73,400,2
1773008192483,TEXT,73,400,20
1773008192484,TEXT,74,400,18
1773008192484,TEXT,76,400,6
1773008192484,TEXT,76,400,4
1773008192485,TEXT,77,400,1
1773008192485,TEXT,77,400,13
1773008192485,TEXT,75,400,12
1773008192485,TEXT,75,400,15
1773008192486,TEXT,76,400,7
1773008192486,TEXT,76,400,17
1773008192599,TEXT,118,400,10
1773008192599,TEXT,118,400,19
1773008192601,TEXT,118,400,5
1773008192601,TEXT,118,400,14
1773008192601,TEXT,118,400,11
1773008192601,TEXT,118,400,16
1773008192601,TEXT,118,400,3
1773008192601,TEXT,118,400,8
1773008192602,TEXT,119,400,9
1773008192602,TEXT,119,400,2
1773008192602,TEXT,119,400,20
1773008192602,TEXT,118,400,18
1773008192602,TEXT,116,400,17
1773008192602,TEXT,118,400,6
1773008192603,TEXT,118,400,13
1773008192603,TEXT,118,400,15
1773008192603,TEXT,119,400,4
1773008192604,TEXT,119,400,1
1773008192604,TEXT,119,400,12
1773008192604,TEXT,118,400,7
1773008192663,TEXT,63,400,19
1773008192663,TEXT,63,400,10
1773008192665,TEXT,64,400,5
1773008192665,TEXT,64,400,14
1773008192667,TEXT,66,400,16
1773008192672,TEXT,71,400,3
1773008192672,TEXT,70,400,8
1773008192672,TEXT,70,400,9
1773008192672,TEXT,71,400,11
1773008192672,TEXT,70,400,20
1773008192673,TEXT,70,400,2
1773008192673,TEXT,70,400,4
1773008192673,TEXT,71,400,18
1773008192673,TEXT,69,400,1
1773008192673,TEXT,70,400,13
1773008192673,TEXT,70,400,15
1773008192673,TEXT,70,400,17
1773008192673,TEXT,71,400,6
1773008192673,TEXT,69,400,12
1773008192673,TEXT,69,400,7
1773008192727,TEXT,64,400,10
1773008192727,TEXT,64,400,19
1773008192734,TEXT,66,400,16
1773008192734,TEXT,68,400,14
1773008192734,TEXT,68,400,5
1773008192759,TEXT,86,400,4
1773008192759,TEXT,87,400,8
1773008192761,TEXT,88,400,9
1773008192761,TEXT,87,400,2
1773008192761,TEXT,89,400,11
1773008192761,TEXT,88,400,1
1773008192761,TEXT,89,400,3
1773008192761,TEXT,88,400,20
1773008192761,TEXT,88,400,18
1773008192761,TEXT,88,400,17
1773008192761,TEXT,88,400,13
1773008192761,TEXT,88,400,12
1773008192761,TEXT,88,400,15
1773008192761,TEXT,88,400,6
1773008192761,TEXT,88,400,7
1773008192791,TEXT,64,400,19
1773008192791,TEXT,64,400,10
1773008192798,TEXT,64,400,5
1773008192798,TEXT,64,400,14
1773008192799,TEXT,65,400,16
1773008192825,TEXT,66,400,4
1773008192825,TEXT,66,400,8
1773008192827,TEXT,66,400,17
1773008192827,TEXT,65,400,15
1773008192827,TEXT,66,400,9
1773008192827,TEXT,66,400,13
1773008192827,TEXT,66,400,2
1773008192827,TEXT,66,400,20
1773008192827,TEXT,66,400,1
1773008192827,TEXT,66,400,11
1773008192827,TEXT,65,400,6
1773008192827,TEXT,66,400,12
1773008192827,TEXT,66,400,18
1773008192827,TEXT,66,400,3
1773008192827,TEXT,65,400,7
1773008192856,TEXT,65,400,10
1773008192856,TEXT,65,400,19
1773008192861,TEXT,63,400,5
1773008192861,TEXT,63,400,14
1773008192863,TEXT,64,400,16
1773008192889,TEXT,64,400,4
1773008192890,TEXT,65,400,8
1773008192890,TEXT,63,400,17
1773008192890,TEXT,63,400,15
1773008192894,TEXT,67,400,13
1773008192894,TEXT,67,400,2
1773008192895,TEXT,68,400,6
1773008192895,TEXT,68,400,1
1773008192895,TEXT,68,400,11
1773008192895,TEXT,68,400,3
1773008192895,TEXT,68,400,7
1773008192895,TEXT,68,400,12
1773008192895,TEXT,68,400,9
1773008192895,TEXT,68,400,20
1773008192895,TEXT,68,400,18
1773008192920,TEXT,64,400,19
1773008192920,TEXT,64,400,10
1773008192925,TEXT,63,400,14
1773008192925,TEXT,64,400,5
1773008192928,TEXT,65,400,16
1773008192956,TEXT,67,400,4
1773008192956,TEXT,66,400,15
1773008192956,TEXT,66,400,17
1773008192957,TEXT,67,400,8
1773008192958,TEXT,64,400,13
1773008192958,TEXT,64,400,2
1773008192961,TEXT,66,400,11
1773008192961,TEXT,66,400,6
1773008192961,TEXT,66,400,9
1773008192961,TEXT,66,400,12
1773008192961,TEXT,66,400,1
1773008192961,TEXT,66,400,3
1773008192961,TEXT,66,400,18
1773008192961,TEXT,66,400,20
1773008192962,TEXT,66,400,7
1773008192994,TEXT,74,400,19
1773008192994,TEXT,74,400,10
1773008192994,TEXT,69,400,5
1773008192994,TEXT,66,400,16
1773008192994,TEXT,69,400,14
1773008193125,TEXT,168,400,17
1773008193125,TEXT,167,400,13
1773008193126,TEXT,168,400,4
1773008193126,TEXT,165,400,11
1773008193126,TEXT,168,400,2
1773008193126,TEXT,169,400,8
1773008193126,TEXT,165,400,6
1773008193126,TEXT,165,400,1
1773008193126,TEXT,168,400,15
1773008193126,TEXT,165,400,3
1773008193126,TEXT,165,400,9
1773008193126,TEXT,165,400,12
1773008193126,TEXT,165,400,20
1773008193126,TEXT,165,400,18
1773008193126,TEXT,164,400,7
1773008193127,TEXT,132,400,10
1773008193127,TEXT,133,400,19
1773008193127,TEXT,133,400,14
1773008193127,TEXT,133,400,5
1773008193127,TEXT,133,400,16
1773008193190,TEXT,64,400,11
1773008193190,TEXT,64,400,6
1773008193192,TEXT,66,400,15
1773008193192,TEXT,66,400,8
1773008193192,TEXT,66,400,17
1773008193192,TEXT,65,400,19
1773008193192,TEXT,66,400,4
1773008193192,TEXT,65,400,5
1773008193192,TEXT,65,400,10
1773008193192,TEXT,66,400,13
1773008193192,TEXT,66,400,2
1773008193192,TEXT,66,400,9
1773008193192,TEXT,66,400,20
1773008193192,TEXT,66,400,1
1773008193192,TEXT,66,400,3
1773008193199,TEXT,72,400,14
1773008193200,TEXT,73,400,16
1773008193200,TEXT,73,400,12
1773008193200,TEXT,73,400,18
1773008193200,TEXT,73,400,7
1773008193264,TEXT,74,400,11
1773008193265,TEXT,75,400,6
1773008193265,TEXT,73,400,19
1773008193265,TEXT,73,400,15
1773008193265,TEXT,73,400,10
1773008193265,TEXT,73,400,8
1773008193265,TEXT,73,400,5
1773008193265,TEXT,73,400,4
1773008193265,TEXT,73,400,1
1773008193265,TEXT,73,400,17
1773008193265,TEXT,73,400,3
1773008193265,TEXT,73,400,13
1773008193265,TEXT,73,400,9
1773008193265,TEXT,73,400,2
1773008193265,TEXT,73,400,20
1773008193265,TEXT,65,400,14
1773008193265,TEXT,65,400,18
1773008193265,TEXT,65,400,16
1773008193265,TEXT,65,400,12
1773008193270,TEXT,70,400,7
1773008193335,TEXT,69,400,19
1773008193335,TEXT,69,400,10
1773008193336,TEXT,71,400,5
1773008193336,TEXT,71,400,4
1773008193336,TEXT,71,400,11
1773008193336,TEXT,71,400,1
1773008193336,TEXT,71,400,6
1773008193336,TEXT,71,400,3
1773008193336,TEXT,71,400,14
1773008193336,TEXT,71,400,15
1773008193336,TEXT,71,400,13
1773008193336,TEXT,71,400,8
1773008193336,TEXT,71,400,16
1773008193336,TEXT,71,400,17
1773008193336,TEXT,71,400,12
1773008193336,TEXT,71,400,9
1773008193336,TEXT,71,400,20
1773008193336,TEXT,71,400,2
1773008193336,TEXT,66,400,7
1773008193336,TEXT,71,400,18
1773008193402,TEXT,67,400,10
1773008193402,TEXT,67,400,19
1773008193403,TEXT,67,400,5
1773008193403,TEXT,67,400,4
1773008193403,TEXT,67,400,14
1773008193403,TEXT,67,400,6
1773008193403,TEXT,67,400,11
1773008193403,TEXT,67,400,1
1773008193403,TEXT,67,400,3
1773008193403,TEXT,67,400,12
1773008193404,TEXT,67,400,16
1773008193404,TEXT,68,400,8
1773008193404,TEXT,68,400,17
1773008193404,TEXT,68,400,13
1773008193404,TEXT,68,400,2
1773008193404,TEXT,68,400,7
1773008193404,TEXT,68,400,20
1773008193404,TEXT,68,400,9
1773008193404,TEXT,68,400,18
1773008193404,TEXT,68,400,15
1773008193466,TEXT,64,400,19
1773008193466,TEXT,64,400,10
1773008193467,TEXT,64,400,5
1773008193467,TEXT,64,400,6
1773008193467,TEXT,63,400,8
1773008193467,TEXT,64,400,14
1773008193468,TEXT,65,400,4
1773008193468,TEXT,65,400,1
1773008193468,TEXT,65,400,11
1773008193468,TEXT,65,400,3
1773008193468,TEXT,65,400,12
1773008193468,TEXT,64,400,16
1773008193471,TEXT,67,400,17
1773008193471,TEXT,67,400,13
1773008193471,TEXT,67,400,15
1773008193471,TEXT,67,400,2
1773008193472,TEXT,68,400,9
1773008193472,TEXT,68,400,20
1773008193472,TEXT,68,400,18
1773008193472,TEXT,68,400,7
1773008193530,TEXT,64,400,19
1773008193530,TEXT,64,400,10
1773008193532,TEXT,65,400,14
1773008193532,TEXT,65,400,5
1773008193532,TEXT,64,400,1
1773008193532,TEXT,65,400,6
1773008193533,TEXT,66,400,8
1773008193533,TEXT,65,400,4
1773008193535,TEXT,67,400,3
1773008193535,TEXT,67,400,11
1773008193535,TEXT,67,400,12
1773008193535,TEXT,67,400,16
1773008193537,TEXT,66,400,15
1773008193537,TEXT,66,400,13
1773008193537,TEXT,65,400,9
1773008193537,TEXT,65,400,20
1773008193537,TEXT,66,400,17
1773008193537,TEXT,65,400,2
1773008193537,TEXT,65,400,18
1773008193537,TEXT,65,400,7
1773008193650,TEXT,118,400,5
1773008193650,TEXT,119,400,19
1773008193650,TEXT,118,400,1
1773008193650,TEXT,119,400,10
1773008193650,TEXT,117,400,4
1773008193650,TEXT,118,400,14
1773008193651,TEXT,119,400,6
1773008193651,TEXT,118,400,8
1773008193651,TEXT,116,400,16
1773008193651,TEXT,116,400,11
1773008193651,TEXT,116,400,3
1773008193651,TEXT,114,400,13
1773008193651,TEXT,114,400,9
1773008193651,TEXT,114,400,15
1773008193651,TEXT,116,400,12
1773008193651,TEXT,114,400,17
1773008193651,TEXT,114,400,2
1773008193651,TEXT,114,400,20
1773008193651,TEXT,114,400,18
1773008193651,TEXT,114,400,7
1773008193719,TEXT,69,400,4
1773008193719,TEXT,68,400,5
1773008193719,TEXT,68,400,8
1773008193720,TEXT,68,400,19
1773008193720,TEXT,69,400,16
1773008193720,TEXT,69,400,11
1773008193720,TEXT,70,400,10
1773008193720,TEXT,69,400,6
1773008193720,TEXT,69,400,3
1773008193720,TEXT,69,400,13
1773008193720,TEXT,70,400,14
1773008193720,TEXT,69,400,1
1773008193720,TEXT,69,400,2
1773008193720,TEXT,69,400,17
1773008193720,TEXT,69,400,12
1773008193720,TEXT,69,400,9
1773008193720,TEXT,69,400,15
1773008193720,TEXT,68,400,7
1773008193721,TEXT,69,400,18
1773008193721,TEXT,70,400,20
1773008193784,TEXT,65,400,8
1773008193784,TEXT,64,400,19
1773008193785,TEXT,64,400,4
1773008193785,TEXT,65,400,10
1773008193785,TEXT,66,400,5
1773008193785,TEXT,65,400,16
1773008193785,TEXT,65,400,6
1773008193785,TEXT,65,400,3
1773008193785,TEXT,65,400,11
1773008193785,TEXT,65,400,1
1773008193785,TEXT,65,400,2
1773008193787,TEXT,67,400,17
1773008193787,TEXT,66,400,13
1773008193787,TEXT,67,400,9
1773008193787,TEXT,67,400,14
1773008193787,TEXT,67,400,12
1773008193787,TEXT,67,400,15
1773008193787,TEXT,66,400,20
1773008193787,TEXT,66,400,7
1773008193788,TEXT,67,400,18
1773008193848,TEXT,64,400,19
1773008193851,TEXT,67,400,8
1773008193851,TEXT,66,400,10
1773008193851,TEXT,66,400,4
1773008193851,TEXT,66,400,5
1773008193851,TEXT,66,400,6
1773008193852,TEXT,67,400,11
1773008193852,TEXT,67,400,1
1773008193852,TEXT,67,400,3
1773008193852,TEXT,67,400,16
1773008193852,TEXT,67,400,2
1773008193852,TEXT,65,400,14
1773008193852,TEXT,65,400,12
1773008193852,TEXT,65,400,13
1773008193852,TEXT,65,400,17
1773008193853,TEXT,66,400,9
1773008193853,TEXT,66,400,15
1773008193853,TEXT,65,400,7
1773008193853,TEXT,65,400,18
1773008193854,TEXT,66,400,20
1773008193913,TEXT,65,400,19
1773008193915,TEXT,64,400,10
1773008193915,TEXT,64,400,5
1773008193916,TEXT,65,400,8
1773008193916,TEXT,65,400,4
1773008193916,TEXT,64,400,14
1773008193916,TEXT,64,400,11
1773008193917,TEXT,66,400,6
1773008193917,TEXT,65,400,12
1773008193917,TEXT,65,400,3
1773008193917,TEXT,65,400,16
1773008193917,TEXT,65,400,2
1773008193917,TEXT,65,400,1
1773008193918,TEXT,65,400,13
1773008193920,TEXT,67,400,15
1773008193920,TEXT,68,400,17
1773008193920,TEXT,67,400,9
1773008193920,TEXT,66,400,20
1773008193920,TEXT,67,400,18
1773008193920,TEXT,67,400,7
1773008193979,TEXT,66,400,19
1773008193980,TEXT,65,400,5
1773008193980,TEXT,65,400,10
1773008193982,TEXT,66,400,11
1773008193982,TEXT,66,400,4
1773008193982,TEXT,65,400,6
1773008193983,TEXT,67,400,8
1773008193983,TEXT,67,400,14
1773008193983,TEXT,66,400,2
1773008193983,TEXT,65,400,13
1773008193983,TEXT,66,400,3
1773008193983,TEXT,66,400,12
1773008193983,TEXT,66,400,16
1773008193983,TEXT,65,400,1
1773008193985,TEXT,65,400,17
1773008193985,TEXT,65,400,15
1773008193985,TEXT,65,400,9
1773008193985,TEXT,65,400,20
1773008193985,TEXT,65,400,18
1773008193986,TEXT,65,400,7
1773008194056,TEXT,76,400,10
1773008194056,TEXT,76,400,5
1773008194056,TEXT,77,400,19
1773008194057,TEXT,75,400,4
1773008194057,TEXT,74,400,14
1773008194058,TEXT,76,400,11
1773008194058,TEXT,76,400,6
1773008194058,TEXT,75,400,3
1773008194058,TEXT,75,400,13
1773008194058,TEXT,75,400,8
1773008194058,TEXT,75,400,2
1773008194058,TEXT,75,400,16
1773008194058,TEXT,75,400,12
1773008194058,TEXT,75,400,1
1773008194058,TEXT,73,400,15
1773008194058,TEXT,73,400,17
1773008194058,TEXT,73,400,9
1773008194058,TEXT,73,400,20
1773008194059,TEXT,73,400,18
1773008194059,TEXT,73,400,7
1773008194171,TEXT,115,400,19
1773008194171,TEXT,115,400,5
1773008194171,TEXT,115,400,10
1773008194173,TEXT,115,400,6
1773008194173,TEXT,115,400,11
1773008194173,TEXT,116,400,4
1773008194173,TEXT,115,400,3
1773008194173,TEXT,115,400,17
1773008194173,TEXT,115,400,15
1773008194173,TEXT,115,400,8
1773008194173,TEXT,115,400,13
1773008194174,TEXT,116,400,14
1773008194174,TEXT,115,400,9
1773008194174,TEXT,116,400,2
1773008194174,TEXT,115,400,20
1773008194174,TEXT,116,400,1
1773008194174,TEXT,116,400,12
1773008194174,TEXT,115,400,18
1773008194174,TEXT,116,400,16
1773008194174,TEXT,115,400,7
1773008194289,TEXT,118,400,19
1773008194290,TEXT,119,400,10
1773008194290,TEXT,119,400,5
1773008194290,TEXT,117,400,4
1773008194290,TEXT,117,400,6
1773008194290,TEXT,117,400,11
1773008194290,TEXT,117,400,3
1773008194290,TEXT,116,400,13
1773008194290,TEXT,117,400,17
1773008194290,TEXT,117,400,15
1773008194290,TEXT,117,400,8
1773008194290,TEXT,116,400,9
1773008194290,TEXT,116,400,14
1773008194290,TEXT,115,400,1
1773008194291,TEXT,116,400,12
1773008194291,TEXT,116,400,16
1773008194291,TEXT,117,400,2
1773008194291,TEXT,117,400,20
1773008194291,TEXT,117,400,18
1773008194291,TEXT,117,400,7
1773008194355,TEXT,65,400,19
1773008194355,TEXT,65,400,11
1773008194358,TEXT,68,400,4
1773008194358,TEXT,68,400,10
1773008194358,TEXT,68,400,5
1773008194358,TEXT,68,400,6
1773008194358,TEXT,68,400,3
1773008194359,TEXT,68,400,16
1773008194359,TEXT,69,400,17
1773008194359,TEXT,69,400,15
1773008194359,TEXT,68,400,2
1773008194359,TEXT,69,400,13
1773008194359,TEXT,68,400,20
1773008194359,TEXT,69,400,14
1773008194359,TEXT,69,400,9
1773008194359,TEXT,68,400,18
1773008194359,TEXT,69,400,8
1773008194359,TEXT,68,400,7
1773008194360,TEXT,70,400,1
1773008194360,TEXT,68,400,12
1773008194426,TEXT,70,400,19
1773008194426,TEXT,68,400,10
1773008194426,TEXT,70,400,11
1773008194427,TEXT,69,400,6
1773008194427,TEXT,69,400,5
1773008194427,TEXT,68,400,3
1773008194427,TEXT,69,400,4
1773008194427,TEXT,68,400,17
1773008194427,TEXT,68,400,14
1773008194428,TEXT,69,400,16
1773008194428,TEXT,68,400,1
1773008194428,TEXT,68,400,12
1773008194428,TEXT,69,400,15
1773008194428,TEXT,69,400,8
1773008194428,TEXT,69,400,9
1773008194428,TEXT,69,400,2
1773008194428,TEXT,69,400,13
1773008194428,TEXT,69,400,20
1773008194428,TEXT,69,400,18
1773008194428,TEXT,69,400,7
1773008194492,TEXT,66,400,19
1773008194492,TEXT,65,400,5
1773008194492,TEXT,66,400,11
1773008194492,TEXT,65,400,4
1773008194492,TEXT,65,400,6
1773008194493,TEXT,66,400,3
1773008194494,TEXT,68,400,10
1773008194494,TEXT,66,400,14
1773008194494,TEXT,66,400,1
1773008194494,TEXT,66,400,17
1773008194494,TEXT,66,400,16
1773008194494,TEXT,66,400,15
1773008194494,TEXT,66,400,8
1773008194494,TEXT,66,400,13
1773008194495,TEXT,67,400,9
1773008194495,TEXT,67,400,20
1773008194495,TEXT,67,400,2
1773008194495,TEXT,67,400,18
1773008194495,TEXT,67,400,12
1773008194495,TEXT,67,400,7
1773008194557,TEXT,65,400,19
1773008194557,TEXT,64,400,4
1773008194558,TEXT,64,400,10
1773008194558,TEXT,66,400,5
1773008194558,TEXT,66,400,11
1773008194558,TEXT,65,400,6
1773008194558,TEXT,64,400,17
1773008194558,TEXT,65,400,3
1773008194560,TEXT,66,400,15
1773008194560,TEXT,66,400,16
1773008194560,TEXT,66,400,13
1773008194560,TEXT,66,400,8
1773008194560,TEXT,66,400,14
1773008194560,TEXT,66,400,1
1773008194561,TEXT,66,400,12
1773008194561,TEXT,66,400,9
1773008194561,TEXT,66,400,2
1773008194561,TEXT,66,400,20
1773008194561,TEXT,66,400,18
1773008194561,TEXT,66,400,7
1773008194698,TEXT,141,400,4
1773008194698,TEXT,141,400,19
1773008194699,TEXT,141,400,5
1773008194699,TEXT,141,400,10
1773008194699,TEXT,141,400,11
1773008194699,TEXT,141,400,6
1773008194699,TEXT,141,400,17
1773008194699,TEXT,139,400,16
1773008194699,TEXT,141,400,3
1773008194699,TEXT,139,400,14
1773008194699,TEXT,139,400,1
1773008194700,TEXT,139,400,12
1773008194700,TEXT,140,400,13
1773008194700,TEXT,140,400,8
1773008194700,TEXT,140,400,15
1773008194700,TEXT,139,400,9
1773008194700,TEXT,139,400,2
1773008194700,TEXT,139,400,20
1773008194700,TEXT,139,400,18
1773008194701,TEXT,140,400,7
1773008194765,TEXT,67,400,19
1773008194765,TEXT,66,400,5
1773008194765,TEXT,67,400,4
1773008194766,TEXT,67,400,6
1773008194766,TEXT,67,400,14
1773008194766,TEXT,67,400,10
1773008194766,TEXT,67,400,11
1773008194766,TEXT,67,400,3
1773008194766,TEXT,66,400,12
1773008194767,TEXT,67,400,1
1773008194767,TEXT,68,400,16
1773008194767,TEXT,68,400,17
1773008194768,TEXT,68,400,8
1773008194768,TEXT,68,400,15
1773008194768,TEXT,68,400,13
1773008194768,TEXT,68,400,9
1773008194768,TEXT,68,400,2
1773008194768,TEXT,68,400,20
1773008194768,TEXT,68,400,18
1773008194768,TEXT,67,400,7
1773008194831,TEXT,66,400,19
1773008194831,TEXT,66,400,5
1773008194833,TEXT,68,400,4
1773008194833,TEXT,67,400,14
1773008194833,TEXT,67,400,10
1773008194833,TEXT,67,400,6
1773008194833,TEXT,67,400,11
1773008194833,TEXT,66,400,1
1773008194833,TEXT,66,400,17
1773008194833,TEXT,66,400,3
1773008194833,TEXT,66,400,12
1773008194833,TEXT,66,400,16
1773008194834,TEXT,65,400,15
1773008194834,TEXT,66,400,13
1773008194835,TEXT,67,400,8
1773008194835,TEXT,67,400,9
1773008194835,TEXT,67,400,2
1773008194835,TEXT,67,400,7
1773008194835,TEXT,67,400,18
1773008194835,TEXT,67,400,20
1773008194899,TEXT,68,400,19
1773008194899,TEXT,68,400,5
1773008194900,TEXT,67,400,10
1773008194900,TEXT,67,400,4
1773008194900,TEXT,67,400,14
1773008194901,TEXT,67,400,6
1773008194901,TEXT,68,400,11
1773008194901,TEXT,68,400,1
1773008194901,TEXT,68,400,3
1773008194901,TEXT,68,400,17
1773008194901,TEXT,68,400,12
1773008194901,TEXT,68,400,16
1773008194901,TEXT,67,400,15
1773008194901,TEXT,67,400,13
1773008194901,TEXT,66,400,8
1773008194901,TEXT,66,400,2
1773008194901,TEXT,66,400,20
1773008194901,TEXT,66,400,9
1773008194901,TEXT,66,400,18
1773008194902,TEXT,67,400,7
1773008194963,TEXT,64,400,19
1773008194963,TEXT,64,400,5
1773008194966,TEXT,66,400,14
1773008194966,TEXT,66,400,10
1773008194966,TEXT,65,400,15
1773008194966,TEXT,65,400,11
1773008194966,TEXT,66,400,4
1773008194966,TEXT,65,400,6
1773008194966,TEXT,65,400,17
1773008194968,TEXT,67,400,8
1773008194968,TEXT,67,400,2
1773008194968,TEXT,67,400,1
1773008194968,TEXT,67,400,9
1773008194968,TEXT,67,400,3
1773008194968,TEXT,67,400,12
1773008194968,TEXT,67,400,16
1773008194968,TEXT,67,400,13
1773008194968,TEXT,67,400,20
1773008194968,TEXT,67,400,18
1773008194969,TEXT,67,400,7
1773008195028,TEXT,65,400,19
1773008195029,TEXT,66,400,5
1773008195031,TEXT,65,400,10
1773008195031,TEXT,65,400,4
1773008195031,TEXT,65,400,14
1773008195031,TEXT,65,400,11
1773008195031,TEXT,65,400,6
1773008195031,TEXT,65,400,15
1773008195032,TEXT,66,400,17
1773008195032,TEXT,64,400,16
1773008195032,TEXT,64,400,1
1773008195034,TEXT,66,400,3
1773008195034,TEXT,66,400,8
1773008195034,TEXT,66,400,13
1773008195034,TEXT,66,400,9
1773008195034,TEXT,66,400,12
1773008195034,TEXT,66,400,2
1773008195034,TEXT,66,400,20
1773008195034,TEXT,66,400,18
1773008195034,TEXT,65,400,7
1773008195093,TEXT,65,400,19
1773008195093,TEXT,64,400,5
1773008195097,TEXT,66,400,10
1773008195097,TEXT,66,400,4
1773008195097,TEXT,66,400,15
1773008195097,TEXT,66,400,11
1773008195097,TEXT,66,400,14
1773008195097,TEXT,65,400,16
1773008195097,TEXT,65,400,17
1773008195098,TEXT,66,400,6
1773008195098,TEXT,66,400,1
1773008195098,TEXT,64,400,3
1773008195098,TEXT,64,400,12
1773008195100,TEXT,66,400,8
1773008195100,TEXT,66,400,13
1773008195101,TEXT,66,400,9
1773008195101,TEXT,67,400,20
1773008195101,TEXT,67,400,2
1773008195101,TEXT,67,400,18
1773008195101,TEXT,67,400,7
1773008195222,TEXT,129,400,19
1773008195222,TEXT,129,400,5
1773008195222,TEXT,125,400,10
1773008195222,TEXT,125,400,4
1773008195222,TEXT,125,400,11
1773008195222,TEXT,125,400,14
1773008195222,TEXT,124,400,6
1773008195222,TEXT,124,400,1
1773008195222,TEXT,124,400,3
1773008195222,TEXT,125,400,15
1773008195222,TEXT,125,400,17
1773008195222,TEXT,125,400,16
1773008195222,TEXT,124,400,12
1773008195222,TEXT,122,400,8
1773008195222,TEXT,121,400,9
1773008195222,TEXT,122,400,13
1773008195222,TEXT,121,400,2
1773008195222,TEXT,121,400,20
1773008195222,TEXT,121,400,18
1773008195222,TEXT,121,400,7
1773008195287,TEXT,65,400,10
1773008195287,TEXT,65,400,19
1773008195288,TEXT,66,400,5
1773008195288,TEXT,66,400,6
1773008195288,TEXT,66,400,11
1773008195288,TEXT,66,400,17
1773008195288,TEXT,66,400,15
1773008195288,TEXT,66,400,8
1773008195288,TEXT,66,400,13
1773008195289,TEXT,67,400,14
1773008195289,TEXT,67,400,4
1773008195289,TEXT,67,400,1
1773008195289,TEXT,67,400,9
1773008195289,TEXT,67,400,12
1773008195289,TEXT,67,400,16
1773008195289,TEXT,67,400,2
1773008195289,TEXT,67,400,20
1773008195289,TEXT,67,400,3
1773008195289,TEXT,67,400,7
1773008195289,TEXT,67,400,18
1773008195351,TEXT,64,400,10
1773008195351,TEXT,64,400,19
1773008195355,TEXT,67,400,5
1773008195355,TEXT,67,400,6
1773008195355,TEXT,67,400,11
1773008195355,TEXT,66,400,14
1773008195355,TEXT,67,400,17
1773008195355,TEXT,67,400,15
1773008195356,TEXT,68,400,8
1773008195356,TEXT,66,400,4
1773008195356,TEXT,68,400,13
1773008195356,TEXT,67,400,9
1773008195356,TEXT,67,400,2
1773008195356,TEXT,67,400,20
1773008195356,TEXT,67,400,1
1773008195356,TEXT,67,400,16
1773008195356,TEXT,67,400,3
1773008195356,TEXT,67,400,18
1773008195356,TEXT,67,400,12
1773008195356,TEXT,67,400,7
1773008195415,TEXT,64,400,10
1773008195415,TEXT,64,400,19
1773008195420,TEXT,65,400,5
1773008195420,TEXT,65,400,11
1773008195420,TEXT,65,400,6
1773008195420,TEXT,64,400,8
1773008195421,TEXT,66,400,15
1773008195421,TEXT,66,400,17
1773008195421,TEXT,65,400,4
1773008195421,TEXT,66,400,14
1773008195421,TEXT,65,400,3
1773008195421,TEXT,65,400,1
1773008195421,TEXT,65,400,13
1773008195421,TEXT,65,400,12
1773008195421,TEXT,65,400,9
1773008195421,TEXT,65,400,16
1773008195421,TEXT,65,400,18
1773008195421,TEXT,65,400,7
1773008195421,TEXT,65,400,2
1773008195422,TEXT,66,400,20
1773008195480,TEXT,64,400,19
1773008195480,TEXT,65,400,10
1773008195485,TEXT,65,400,5
1773008195485,TEXT,65,400,11
1773008195487,TEXT,66,400,6
1773008195487,TEXT,66,400,3
1773008195487,TEXT,66,400,17
1773008195487,TEXT,66,400,15
1773008195487,TEXT,66,400,8
1773008195487,TEXT,66,400,13
1773008195487,TEXT,66,400,9
1773008195487,TEXT,66,400,4
1773008195487,TEXT,66,400,14
1773008195487,TEXT,66,400,12
1773008195487,TEXT,65,400,20
1773008195487,TEXT,66,400,18
1773008195487,TEXT,66,400,1
1773008195487,TEXT,66,400,7
1773008195487,TEXT,66,400,16
1773008195487,TEXT,66,400,2
1773008195543,TEXT,63,400,19
1773008195543,TEXT,63,400,10
1773008195550,TEXT,65,400,5
1773008195550,TEXT,65,400,11
1773008195551,TEXT,64,400,6
1773008195551,TEXT,64,400,3
1773008195551,TEXT,64,400,14
1773008195551,TEXT,64,400,4
1773008195552,TEXT,65,400,12
1773008195552,TEXT,65,400,17
1773008195554,TEXT,67,400,15
1773008195554,TEXT,67,400,16
1773008195554,TEXT,67,400,13
1773008195554,TEXT,67,400,2
1773008195554,TEXT,67,400,8
1773008195554,TEXT,67,400,9
1773008195554,TEXT,67,400,20
1773008195554,TEXT,67,400,1
1773008195554,TEXT,67,400,7
1773008195554,TEXT,67,400,18
1773008195608,TEXT,65,400,19
1773008195608,TEXT,65,400,10
1773008195615,TEXT,65,400,5
1773008195615,TEXT,65,400,11
1773008195619,TEXT,68,400,14
1773008195619,TEXT,68,400,4
1773008195619,TEXT,68,400,6
1773008195619,TEXT,68,400,3
1773008195619,TEXT,67,400,12
1773008195619,TEXT,67,400,17
1773008195619,TEXT,65,400,1
1773008195619,TEXT,65,400,16
1773008195619,TEXT,65,400,15
1773008195619,TEXT,65,400,13
1773008195619,TEXT,65,400,8
1773008195619,TEXT,65,400,9
1773008195619,TEXT,65,400,2
1773008195619,TEXT,65,400,20
1773008195619,TEXT,65,400,7
1773008195619,TEXT,65,400,18
1773008195749,TEXT,140,400,19
1773008195750,TEXT,141,400,10
1773008195750,TEXT,135,400,5
1773008195750,TEXT,135,400,11
1773008195750,TEXT,131,400,6
1773008195750,TEXT,131,400,15
1773008195750,TEXT,131,400,17
1773008195750,TEXT,131,400,8
1773008195750,TEXT,131,400,4
1773008195750,TEXT,131,400,13
1773008195750,TEXT,131,400,9
1773008195750,TEXT,131,400,14
1773008195750,TEXT,131,400,20
1773008195750,TEXT,131,400,2
1773008195750,TEXT,131,400,1
1773008195750,TEXT,131,400,3
1773008195750,TEXT,131,400,12
1773008195750,TEXT,131,400,18
1773008195750,TEXT,131,400,16
1773008195750,TEXT,131,400,7
1773008195817,TEXT,66,400,17
1773008195817,TEXT,67,400,15
1773008195817,TEXT,67,400,10
1773008195817,TEXT,67,400,8
1773008195817,TEXT,67,400,11
1773008195817,TEXT,67,400,16
1773008195817,TEXT,67,400,4
1773008195817,TEXT,67,400,19
1773008195818,TEXT,68,400,5
1773008195818,TEXT,68,400,6
1773008195818,TEXT,68,400,14
1773008195818,TEXT,68,400,1
1773008195819,TEXT,69,400,9
1773008195819,TEXT,69,400,12
1773008195819,TEXT,69,400,13
1773008195819,TEXT,69,400,3
1773008195819,TEXT,69,400,20
1773008195819,TEXT,69,400,2
1773008195819,TEXT,69,400,18
1773008195819,TEXT,69,400,7
1773008195884,TEXT,65,400,10
1773008195884,TEXT,65,400,15
1773008195886,TEXT,69,400,8
1773008195886,TEXT,69,400,17
1773008195886,TEXT,68,400,19
1773008195886,TEXT,69,400,4
1773008195886,TEXT,68,400,5
1773008195886,TEXT,68,400,14
1773008195886,TEXT,68,400,6
1773008195886,TEXT,69,400,11
1773008195886,TEXT,67,400,12
1773008195886,TEXT,68,400,1
1773008195886,TEXT,67,400,13
1773008195886,TEXT,67,400,3
1773008195886,TEXT,67,400,9
1773008195886,TEXT,67,400,2
1773008195886,TEXT,69,400,16
1773008195886,TEXT,67,400,20
1773008195886,TEXT,67,400,18
1773008195886,TEXT,67,400,7
1773008195948,TEXT,64,400,10
1773008195948,TEXT,64,400,15
1773008195951,TEXT,65,400,19
1773008195951,TEXT,65,400,5
1773008195952,TEXT,66,400,6
1773008195952,TEXT,66,400,14
1773008195952,TEXT,66,400,11
1773008195952,TEXT,66,400,4
1773008195952,TEXT,66,400,8
1773008195952,TEXT,66,400,17
1773008195952,TEXT,66,400,12
1773008195953,TEXT,67,400,1
1773008195953,TEXT,67,400,3
1773008195953,TEXT,67,400,9
1773008195953,TEXT,67,400,7
1773008195953,TEXT,67,400,2
1773008195953,TEXT,67,400,16
1773008195953,TEXT,67,400,13
1773008195953,TEXT,67,400,18
1773008195953,TEXT,67,400,20
1773008196014,TEXT,66,400,10
1773008196014,TEXT,63,400,19
1773008196014,TEXT,66,400,15
1773008196014,TEXT,63,400,5
1773008196015,TEXT,63,400,14
1773008196018,TEXT,66,400,6
1773008196018,TEXT,66,400,11
1773008196018,TEXT,66,400,4
1773008196018,TEXT,65,400,1
1773008196018,TEXT,65,400,12
1773008196018,TEXT,65,400,16
1773008196019,TEXT,67,400,17
1773008196019,TEXT,66,400,3
1773008196019,TEXT,67,400,8
1773008196019,TEXT,66,400,2
1773008196019,TEXT,66,400,9
1773008196019,TEXT,66,400,20
1773008196019,TEXT,66,400,13
1773008196019,TEXT,66,400,18
1773008196019,TEXT,66,400,7
1773008196078,TEXT,64,400,5
1773008196078,TEXT,64,400,10
1773008196078,TEXT,64,400,19
1773008196079,TEXT,65,400,15
1773008196079,TEXT,64,400,14
1773008196084,TEXT,66,400,4
1773008196084,TEXT,66,400,11
1773008196084,TEXT,66,400,6
1773008196084,TEXT,65,400,8
1773008196084,TEXT,66,400,1
1773008196084,TEXT,65,400,16
1773008196084,TEXT,65,400,17
1773008196084,TEXT,65,400,3
1773008196084,TEXT,65,400,12
1773008196084,TEXT,65,400,13
1773008196084,TEXT,65,400,2
1773008196084,TEXT,65,400,9
1773008196084,TEXT,65,400,18
1773008196084,TEXT,65,400,20
1773008196084,TEXT,65,400,7
1773008196143,TEXT,65,400,19
1773008196143,TEXT,65,400,10
1773008196143,TEXT,65,400,5
1773008196143,TEXT,64,400,14
1773008196145,TEXT,65,400,15
1773008196151,TEXT,67,400,11
1773008196151,TEXT,67,400,4
1773008196151,TEXT,67,400,8
1773008196151,TEXT,67,400,1
1773008196151,TEXT,67,400,6
1773008196151,TEXT,67,400,3
1773008196152,TEXT,67,400,13
1773008196152,TEXT,67,400,17
1773008196153,TEXT,69,400,9
1773008196153,TEXT,69,400,12
1773008196153,TEXT,69,400,16
1773008196153,TEXT,69,400,2
1773008196153,TEXT,69,400,20
1773008196153,TEXT,69,400,18
1773008196153,TEXT,69,400,7
1773008196271,TEXT,127,400,10
1773008196271,TEXT,128,400,19
1773008196271,TEXT,128,400,5
1773008196271,TEXT,128,400,14
1773008196271,TEXT,126,400,15
1773008196271,TEXT,120,400,6
1773008196271,TEXT,120,400,4
1773008196271,TEXT,120,400,11
1773008196271,TEXT,120,400,1
1773008196272,TEXT,121,400,3
1773008196272,TEXT,120,400,13
1773008196272,TEXT,120,400,17
1773008196272,TEXT,121,400,8
1773008196272,TEXT,119,400,16
1773008196272,TEXT,119,400,9
1773008196272,TEXT,119,400,2
1773008196272,TEXT,119,400,20
1773008196272,TEXT,119,400,18
1773008196272,TEXT,119,400,12
1773008196272,TEXT,119,400,7
1773008196338,TEXT,66,400,10
1773008196338,TEXT,67,400,5
1773008196338,TEXT,67,400,19
1773008196338,TEXT,67,400,6
1773008196338,TEXT,67,400,14
1773008196338,TEXT,67,400,11
1773008196338,TEXT,66,400,16
1773008196338,TEXT,67,400,15
1773008196338,TEXT,67,400,4
1773008196339,TEXT,68,400,1
1773008196339,TEXT,67,400,3
1773008196339,TEXT,67,400,17
1773008196339,TEXT,67,400,8
1773008196339,TEXT,67,400,12
1773008196339,TEXT,67,400,13
1773008196339,TEXT,67,400,9
1773008196339,TEXT,67,400,2
1773008196339,TEXT,67,400,20
1773008196340,TEXT,68,400,7
1773008196340,TEXT,68,400,18
1773008196404,TEXT,65,400,10
1773008196404,TEXT,65,400,19
1773008196404,TEXT,66,400,11
1773008196407,TEXT,69,400,14
1773008196407,TEXT,69,400,6
1773008196407,TEXT,69,400,5
1773008196407,TEXT,68,400,17
1773008196408,TEXT,70,400,15
1773008196408,TEXT,69,400,8
1773008196410,TEXT,71,400,4
1773008196410,TEXT,71,400,13
1773008196410,TEXT,71,400,9
1773008196410,TEXT,71,400,20
1773008196410,TEXT,71,400,2
1773008196410,TEXT,71,400,3
1773008196410,TEXT,71,400,1
1773008196410,TEXT,71,400,12
1773008196410,TEXT,72,400,16
1773008196410,TEXT,70,400,18
1773008196410,TEXT,70,400,7
1773008196468,TEXT,63,400,19
1773008196468,TEXT,63,400,10
1773008196469,TEXT,65,400,11
1773008196470,TEXT,63,400,5
1773008196471,TEXT,64,400,6
1773008196471,TEXT,64,400,14
1773008196471,TEXT,64,400,17
1773008196471,TEXT,63,400,15
1773008196472,TEXT,64,400,8
1773008196475,TEXT,65,400,4
1773008196475,TEXT,65,400,1
1773008196475,TEXT,65,400,3
1773008196476,TEXT,66,400,13
1773008196476,TEXT,66,400,12
1773008196476,TEXT,66,400,16
1773008196476,TEXT,66,400,9
1773008196476,TEXT,66,400,18
1773008196476,TEXT,66,400,2
1773008196476,TEXT,66,400,20
1773008196476,TEXT,66,400,7
1773008196531,TEXT,63,400,10
1773008196531,TEXT,63,400,19
1773008196533,TEXT,64,400,11
1773008196534,TEXT,63,400,5
1773008196534,TEXT,63,400,14
1773008196535,TEXT,64,400,17
1773008196535,TEXT,64,400,6
1773008196536,TEXT,65,400,15
1773008196536,TEXT,64,400,8
1773008196542,TEXT,67,400,4
1773008196542,TEXT,67,400,1
1773008196542,TEXT,67,400,3
1773008196542,TEXT,66,400,13
1773008196542,TEXT,66,400,12
1773008196542,TEXT,66,400,16
1773008196542,TEXT,66,400,9
1773008196542,TEXT,66,400,2
1773008196542,TEXT,66,400,20
1773008196542,TEXT,66,400,18
1773008196542,TEXT,66,400,7
1773008196595,TEXT,64,400,19
1773008196596,TEXT,65,400,10
1773008196598,TEXT,65,400,11
1773008196599,TEXT,65,400,5
1773008196599,TEXT,65,400,14
1773008196599,TEXT,64,400,6
1773008196599,TEXT,64,400,17
1773008196600,TEXT,64,400,15
1773008196600,TEXT,64,400,8
1773008196606,TEXT,64,400,4
1773008196606,TEXT,64,400,1
1773008196610,TEXT,68,400,13
1773008196610,TEXT,68,400,16
1773008196610,TEXT,68,400,3
1773008196610,TEXT,68,400,12
1773008196610,TEXT,67,400,7
1773008196610,TEXT,68,400,9
1773008196610,TEXT,68,400,18
1773008196610,TEXT,68,400,20
1773008196660,TEXT,64,400,10
1773008196660,TEXT,64,400,19
1773008196664,TEXT,66,400,11
1773008196665,TEXT,66,400,5
1773008196666,TEXT,67,400,6
1773008196666,TEXT,67,400,14
1773008196666,TEXT,66,400,15
1773008196666,TEXT,67,400,17
1773008196666,TEXT,66,400,8
1773008196671,TEXT,65,400,4
1773008196671,TEXT,65,400,1
1773008196674,TEXT,64,400,16
1773008196674,TEXT,64,400,3
1773008196674,TEXT,64,400,13
1773008196674,TEXT,64,400,9
1773008196674,TEXT,64,400,12
1773008196675,TEXT,65,400,18
1773008196675,TEXT,65,400,7
1773008196676,TEXT,66,400,20
1773008196793,TEXT,133,400,19
1773008196793,TEXT,133,400,10
1773008196795,TEXT,129,400,15
1773008196795,TEXT,130,400,5
1773008196795,TEXT,129,400,14
1773008196795,TEXT,129,400,6
1773008196795,TEXT,129,400,17
1773008196795,TEXT,131,400,11
1773008196795,TEXT,124,400,4
1773008196795,TEXT,129,400,8
1773008196796,TEXT,122,400,13
1773008196796,TEXT,122,400,9
1773008196796,TEXT,122,400,3
1773008196796,TEXT,122,400,12
1773008196796,TEXT,122,400,16
1773008196796,TEXT,121,400,18
1773008196796,TEXT,121,400,7
1773008196796,TEXT,125,400,1
1773008196796,TEXT,120,400,20
1773008196857,TEXT,63,400,19
1773008196857,TEXT,64,400,10
1773008196861,TEXT,66,400,11
1773008196861,TEXT,66,400,14
1773008196861,TEXT,66,400,6
1773008196861,TEXT,65,400,4
1773008196861,TEXT,65,400,3
1773008196861,TEXT,65,400,16
1773008196862,TEXT,66,400,13
1773008196862,TEXT,66,400,12
1773008196862,TEXT,67,400,15
1773008196862,TEXT,66,400,8
1773008196862,TEXT,67,400,17
1773008196862,TEXT,66,400,9
1773008196862,TEXT,66,400,18
1773008196862,TEXT,66,400,1
1773008196862,TEXT,66,400,7
1773008196862,TEXT,66,400,20
1773008196922,TEXT,65,400,10
1773008196922,TEXT,65,400,19
1773008196926,TEXT,65,400,6
1773008196926,TEXT,65,400,14
1773008196926,TEXT,65,400,3
1773008196926,TEXT,65,400,11
1773008196926,TEXT,65,400,16
1773008196928,TEXT,66,400,17
1773008196928,TEXT,66,400,13
1773008196928,TEXT,66,400,8
1773008196928,TEXT,67,400,4
1773008196928,TEXT,66,400,20
1773008196928,TEXT,66,400,1
1773008196928,TEXT,66,400,18
1773008196928,TEXT,66,400,12
1773008196929,TEXT,66,400,7
1773008196929,TEXT,67,400,15
1773008196986,TEXT,64,400,19
1773008196986,TEXT,64,400,10
1773008196993,TEXT,67,400,14
1773008196993,TEXT,67,400,6
1773008196993,TEXT,67,400,11
1773008196993,TEXT,65,400,4
1773008196993,TEXT,67,400,16
1773008196994,TEXT,67,400,3
1773008196994,TEXT,66,400,1
1773008196994,TEXT,66,400,13
1773008196995,TEXT,67,400,17
1773008196995,TEXT,67,400,12
1773008196995,TEXT,67,400,8
1773008196995,TEXT,67,400,18
1773008196995,TEXT,67,400,20
1773008196995,TEXT,66,400,15
1773008196995,TEXT,66,400,7
1773008197050,TEXT,64,400,19
1773008197050,TEXT,64,400,10
1773008197058,TEXT,65,400,6
1773008197058,TEXT,65,400,16
1773008197060,TEXT,67,400,14
1773008197060,TEXT,67,400,4
1773008197060,TEXT,66,400,1
1773008197060,TEXT,67,400,11
1773008197060,TEXT,66,400,3
1773008197060,TEXT,66,400,13
1773008197060,TEXT,65,400,12
1773008197062,TEXT,67,400,17
1773008197062,TEXT,67,400,8
1773008197062,TEXT,67,400,15
1773008197062,TEXT,67,400,20
1773008197062,TEXT,67,400,18
1773008197062,TEXT,67,400,7
1773008197115,TEXT,65,400,19
1773008197115,TEXT,65,400,10
1773008197124,TEXT,66,400,6
1773008197124,TEXT,64,400,11
1773008197124,TEXT,64,400,14
1773008197124,TEXT,64,400,4
1773008197124,TEXT,64,400,1
1773008197124,TEXT,64,400,3
1773008197125,TEXT,67,400,16
1773008197126,TEXT,66,400,13
1773008197126,TEXT,66,400,12
1773008197128,TEXT,66,400,17
1773008197128,TEXT,66,400,15
1773008197128,TEXT,66,400,8
1773008197129,TEXT,67,400,18
1773008197129,TEXT,67,400,7
1773008197129,TEXT,67,400,20
1773008197180,TEXT,65,400,19
1773008197180,TEXT,65,400,10
1773008197191,TEXT,67,400,14
1773008197191,TEXT,67,400,6
1773008197191,TEXT,67,400,4
1773008197191,TEXT,67,400,1
1773008197191,TEXT,67,400,11
1773008197191,TEXT,67,400,3
1773008197192,TEXT,67,400,16
1773008197192,TEXT,66,400,13
1773008197192,TEXT,66,400,12
1773008197193,TEXT,65,400,17
1773008197194,TEXT,66,400,8
1773008197194,TEXT,65,400,18
1773008197194,TEXT,66,400,15
1773008197194,TEXT,65,400,20
1773008197194,TEXT,65,400,7
1773008197317,TEXT,137,400,10
1773008197317,TEXT,137,400,19
1773008197319,TEXT,128,400,14
1773008197319,TEXT,128,400,4
1773008197319,TEXT,127,400,13
1773008197319,TEXT,128,400,6
1773008197319,TEXT,128,400,3
1773008197319,TEXT,127,400,16
1773008197319,TEXT,128,400,1
1773008197319,TEXT,128,400,11
1773008197319,TEXT,125,400,15
1773008197319,TEXT,127,400,12
1773008197319,TEXT,125,400,8
1773008197319,TEXT,126,400,17
1773008197319,TEXT,125,400,18
1773008197319,TEXT,125,400,20
1773008197319,TEXT,125,400,7
1773008197381,TEXT,64,400,19
1773008197381,TEXT,64,400,10
1773008197382,TEXT,63,400,14
1773008197382,TEXT,63,400,4
1773008197382,TEXT,63,400,6
1773008197382,TEXT,63,400,11
1773008197383,TEXT,64,400,1
1773008197383,TEXT,64,400,13
1773008197385,TEXT,66,400,17
1773008197385,TEXT,66,400,15
1773008197385,TEXT,66,400,12
1773008197385,TEXT,66,400,8
1773008197385,TEXT,66,400,16
1773008197385,TEXT,66,400,7
1773008197385,TEXT,66,400,18
1773008197385,TEXT,66,400,20
1773008197385,TEXT,66,400,3
1773008197447,TEXT,66,400,19
1773008197447,TEXT,66,400,10
1773008197447,TEXT,65,400,6
1773008197447,TEXT,65,400,14
1773008197447,TEXT,65,400,11
1773008197448,TEXT,65,400,13
1773008197448,TEXT,65,400,1
1773008197448,TEXT,66,400,4
1773008197449,TEXT,64,400,16
1773008197449,TEXT,64,400,17
1773008197449,TEXT,64,400,15
1773008197451,TEXT,66,400,8
1773008197451,TEXT,66,400,20
1773008197451,TEXT,66,400,3
1773008197451,TEXT,66,400,12
1773008197451,TEXT,66,400,7
1773008197451,TEXT,66,400,18
1773008197512,TEXT,65,400,19
1773008197512,TEXT,64,400,4
1773008197512,TEXT,65,400,10
1773008197512,TEXT,65,400,14
1773008197513,TEXT,66,400,6
1773008197513,TEXT,65,400,13
1773008197513,TEXT,65,400,11
1773008197513,TEXT,64,400,16
1773008197513,TEXT,65,400,1
1773008197514,TEXT,65,400,17
1773008197514,TEXT,65,400,15
1773008197517,TEXT,66,400,3
1773008197517,TEXT,66,400,8
1773008197517,TEXT,66,400,12
1773008197517,TEXT,66,400,20
1773008197517,TEXT,66,400,18
1773008197517,TEXT,66,400,7
1773008197578,TEXT,66,400,10
1773008197578,TEXT,66,400,4
1773008197579,TEXT,66,400,6
1773008197579,TEXT,67,400,14
1773008197579,TEXT,66,400,13
1773008197580,TEXT,66,400,1
1773008197580,TEXT,66,400,16
1773008197580,TEXT,67,400,11
1773008197580,TEXT,66,400,17
1773008197580,TEXT,66,400,15
1773008197583,TEXT,66,400,12
1773008197583,TEXT,66,400,8
1773008197583,TEXT,66,400,20
1773008197583,TEXT,66,400,3
1773008197583,TEXT,66,400,18
1773008197583,TEXT,66,400,7
1773008197642,TEXT,64,400,4
1773008197642,TEXT,64,400,10
1773008197647,TEXT,67,400,11
1773008197647,TEXT,67,400,14
1773008197648,TEXT,68,400,6
1773008197648,TEXT,68,400,17
1773008197648,TEXT,68,400,1
1773008197649,TEXT,68,400,15
1773008197649,TEXT,69,400,13
1773008197649,TEXT,66,400,12
1773008197649,TEXT,66,400,8
1773008197649,TEXT,69,400,16
1773008197649,TEXT,65,400,7
1773008197649,TEXT,66,400,18
1773008197649,TEXT,66,400,3
1773008197707,TEXT,65,400,10
1773008197707,TEXT,65,400,4
1773008197711,TEXT,64,400,14
1773008197711,TEXT,64,400,11
1773008197714,TEXT,66,400,6
1773008197714,TEXT,65,400,8
1773008197714,TEXT,65,400,1
1773008197714,TEXT,66,400,17
1773008197714,TEXT,65,400,3
1773008197714,TEXT,65,400,12
1773008197714,TEXT,65,400,18
1773008197714,TEXT,65,400,15
1773008197714,TEXT,65,400,7
1773008197714,TEXT,65,400,16
1773008197841,TEXT,134,400,10
1773008197841,TEXT,134,400,4
1773008197843,TEXT,132,400,14
1773008197843,TEXT,132,400,11
1773008197843,TEXT,129,400,6
1773008197843,TEXT,129,400,1
1773008197844,TEXT,130,400,15
1773008197844,TEXT,130,400,3
1773008197844,TEXT,130,400,17
1773008197844,TEXT,130,400,8
1773008197844,TEXT,130,400,18
1773008197844,TEXT,130,400,12
1773008197844,TEXT,130,400,7
1773008197908,TEXT,67,400,10
1773008197908,TEXT,67,400,4
1773008197908,TEXT,65,400,11
1773008197908,TEXT,65,400,14
1773008197908,TEXT,65,400,6
1773008197908,TEXT,65,400,1
1773008197910,TEXT,66,400,3
1773008197910,TEXT,66,400,17
1773008197910,TEXT,66,400,12
1773008197910,TEXT,66,400,18
1773008197910,TEXT,66,400,15
1773008197910,TEXT,66,400,8
1773008197974,TEXT,66,400,11
1773008197974,TEXT,66,400,10
1773008197974,TEXT,66,400,6
1773008197974,TEXT,66,400,4
1773008197974,TEXT,66,400,1
1773008197980,TEXT,70,400,17
1773008197980,TEXT,70,400,15
1773008197980,TEXT,70,400,8
1773008197980,TEXT,70,400,3
1773008197980,TEXT,70,400,18
1773008197980,TEXT,70,400,12
1773008198039,TEXT,65,400,10
1773008198039,TEXT,65,400,11
1773008198039,TEXT,65,400,6
1773008198039,TEXT,65,400,4
1773008198040,TEXT,64,400,1
1773008198044,TEXT,64,400,3
1773008198044,TEXT,64,400,17
1773008198044,TEXT,64,400,8
1773008198045,TEXT,65,400,12
1773008198045,TEXT,65,400,15
1773008198045,TEXT,65,400,18
1773008198105,TEXT,66,400,11
1773008198105,TEXT,66,400,10
1773008198105,TEXT,66,400,4
1773008198105,TEXT,66,400,6
1773008198105,TEXT,65,400,1
1773008198110,TEXT,65,400,8
1773008198110,TEXT,65,400,3
1773008198110,TEXT,65,400,18
1773008198110,TEXT,65,400,15
1773008198111,TEXT,66,400,12
1773008198170,TEXT,65,400,4
1773008198170,TEXT,65,400,10
1773008198170,TEXT,65,400,6
1773008198176,TEXT,66,400,15
1773008198176,TEXT,66,400,8
1773008198176,TEXT,66,400,3
1773008198176,TEXT,66,400,18
1773008198235,TEXT,65,400,6
1773008198235,TEXT,65,400,10
1773008198235,TEXT,65,400,4
1773008198240,TEXT,64,400,3
1773008198240,TEXT,64,400,15
1773008198240,TEXT,64,400,8
1773008198241,TEXT,65,400,18
1773008198366,TEXT,131,400,10
1773008198366,TEXT,131,400,4
1773008198366,TEXT,131,400,6
1773008198368,TEXT,127,400,8
1773008198368,TEXT,128,400,15
1773008198368,TEXT,127,400,18
1773008198368,TEXT,128,400,3
1773008198432,TEXT,66,400,4
1773008198432,TEXT,66,400,6
1773008198433,TEXT,65,400,15
1773008198433,TEXT,65,400,8
1773008198433,TEXT,65,400,18
1773008198434,TEXT,66,400,3
1773008198496,TEXT,64,400,4
1773008198496,TEXT,64,400,6
1773008198497,TEXT,64,400,8
1773008198498,TEXT,65,400,18
1773008198498,TEXT,64,400,3
1773008198561,TEXT,65,400,4
1773008198561,TEXT,64,400,6
1773008198561,TEXT,63,400,8
1773008198562,TEXT,64,400,18
1773008198562,TEXT,64,400,3
1773008198626,TEXT,65,400,4
1773008198626,TEXT,65,400,8
1773008198626,TEXT,65,400,6
1773008198626,TEXT,64,400,3
1773008198627,TEXT,65,400,18
1773008198690,TEXT,64,400,4
1773008198690,TEXT,64,400,3
1773008198690,TEXT,64,400,6
1773008198690,TEXT,64,400,8
1773008198693,TEXT,66,400,18
1773008198755,TEXT,64,400,8
1773008198755,TEXT,64,400,3
1773008198755,TEXT,64,400,4
1773008198755,TEXT,64,400,6
1773008198758,TEXT,64,400,18
1773008198890,TEXT,135,400,8
1773008198890,TEXT,135,400,4
1773008198890,TEXT,135,400,6
1773008198890,TEXT,132,400,18
1773008198957,TEXT,67,400,8
1773008198957,TEXT,67,400,4
1773008198957,TEXT,67,400,6
1773008198957,TEXT,67,400,18
1773008199022,TEXT,65,400,4
1773008199022,TEXT,65,400,8
1773008199022,TEXT,65,400,6
1773008199087,TEXT,64,400,8
1773008199087,TEXT,65,400,4
1773008199153,TEXT,65,400,8
1773008199219,TEXT,66,400,8
1773008199288,TEXT,69,400,8
1773008199409,TEXT,121,400,8
1773008199474,TEXT,65,400,8
1773008199540,TEXT,66,400,8
1773008199606,TEXT,66,400,8
1773008199672,TEXT,66,400,8
